,Unnamed: 0,Text,Text_Token,Text_Token_1,Text_2,text_lem
0,0,"when roswell schaeffer sr. was 8 years old, his father decided it was about time he started learning to hunt beluga whales. schaeffer was an iñupiaq kid growing up in kotzebue, a small city in northwest alaska, where a healthy store of beluga meat was part of making it through the winter. each summer, thousands of these small white whales migrated to kotzebue sound, and hunts were an annual tradition. whale skin and blubber, or muktuk, was prized, not only as a form of sustenance and a trading commodity, but also because of the spiritual value of sharing the catch with the community.","['when', 'roswell', 'schaeffer', 'sr', 'was', '8', 'years', 'old', 'his', 'father', 'decided', 'it', 'was', 'about', 'time', 'he', 'started', 'learning', 'to', 'hunt', 'beluga', 'whales', 'schaeffer', 'was', 'an', 'iñupiaq', 'kid', 'growing', 'up', 'in', 'kotzebue', 'a', 'small', 'city', 'in', 'northwest', 'alaska', 'where', 'a', 'healthy', 'store', 'of', 'beluga', 'meat', 'was', 'part', 'of', 'making', 'it', 'through', 'the', 'winter', 'each', 'summer', 'thousands', 'of', 'these', 'small', 'white', 'whales', 'migrated', 'to', 'kotzebue', 'sound', 'and', 'hunts', 'were', 'an', 'annual', 'tradition', 'whale', 'skin', 'and', 'blubber', 'or', 'muktuk', 'was', 'prized', 'not', 'only', 'as', 'a', 'form', 'of', 'sustenance', 'and', 'a', 'trading', 'commodity', 'but', 'also', 'because', 'of', 'the', 'spiritual', 'value', 'of', 'sharing', 'the', 'catch', 'with', 'the', 'community']","['roswell', 'schaeffer', 'sr', 'was', '8', 'years', 'old', 'his', 'father', 'decided', 'it', 'was', 'about', 'time', 'he', 'started', 'learning', 'to', 'hunt', 'beluga', 'whales', 'schaeffer', 'was', 'an', 'iñupiaq', 'kid', 'growing', 'up', 'in', 'kotzebue', 'a', 'small', 'city', 'in', 'northwest', 'alaska', 'where', 'a', 'healthy', 'store', 'of', 'beluga', 'meat', 'was', 'part', 'of', 'making', 'it', 'through', 'the', 'winter', 'each', 'summer', 'thousands', 'of', 'these', 'small', 'white', 'whales', 'migrated', 'to', 'kotzebue', 'sound', 'and', 'hunts', 'were', 'an', 'annual', 'tradition', 'whale', 'skin', 'and', 'blubber', 'or', 'muktuk', 'was', 'prized', 'not', 'only', 'as', 'a', 'form', 'of', 'sustenance', 'and', 'a', 'trading', 'commodity', 'also', 'because', 'of', 'the', 'spiritual', 'value', 'of', 'sharing', 'the', 'catch', 'with', 'the', 'community']",roswell schaeffer was years old his father decided was about time started learning hunt beluga whales schaeffer was iñupiaq kid growing kotzebue small city northwest alaska where healthy store beluga meat was part making through the winter each summer thousands these small white whales migrated kotzebue sound and hunts were annual tradition whale skin and blubber muktuk was prized not only form sustenance and trading commodity also because the spiritual value sharing the catch with the community,roswell schaeffer was years old his father decided was about time started learning hunt beluga whales schaeffer was iñupiaq kid growing kotzebue small city northwest alaska where healthy store beluga meat was part making through the winter each summer thousands these small white whales migrated kotzebue sound and hunts were annual tradition whale skin and blubber muktuk was prized not only form sustenance and trading commodity also because the spiritual value sharing the catch with the community
1,1,"now, nearly seven decades later, schaeffer is one of only a few hunters who still spend the late weeks of spring, just after the ice has melted, on kotzebue sound, waiting for belugas to arrive. many people have switched to hunting bearded seals, partly out of necessity: there simply aren’t enough belugas to sustain the community anymore.","['now', 'nearly', 'seven', 'decades', 'later', 'schaeffer', 'is', 'one', 'of', 'only', 'a', 'few', 'hunters', 'who', 'still', 'spend', 'the', 'late', 'weeks', 'of', 'spring', 'just', 'after', 'the', 'ice', 'has', 'melted', 'on', 'kotzebue', 'sound', 'waiting', 'for', 'belugas', 'to', 'arrive', 'many', 'people', 'have', 'switched', 'to', 'hunting', 'bearded', 'seals', 'partly', 'out', 'of', 'necessity', 'there', 'simply', 'aren', 't', 'enough', 'belugas', 'to', 'sustain', 'the', 'community', 'anymore']","['now', 'nearly', 'seven', 'decades', 'later', 'schaeffer', 'is', 'one', 'of', 'only', 'a', 'few', 'hunters', 'who', 'still', 'spend', 'the', 'late', 'weeks', 'of', 'spring', 'just', 'after', 'the', 'ice', 'has', 'melted', 'on', 'kotzebue', 'sound', 'waiting', 'for', 'belugas', 'to', 'arrive', 'many', 'people', 'have', 'switched', 'to', 'hunting', 'bearded', 'seals', 'partly', 'out', 'of', 'necessity', 'there', 'simply', 'aren', 't', 'enough', 'belugas', 'to', 'sustain', 'the', 'community', 'anymore']",now nearly seven decades later schaeffer one only few hunters who still spend the late weeks spring just after the ice has melted kotzebue sound waiting for belugas arrive many people have switched hunting bearded seals partly out necessity there simply aren enough belugas sustain the community anymore,now nearly seven decades later schaeffer one only few hunters who still spend the late weeks spring just after the ice has melted kotzebue sound waiting for belugas arrive many people have switched hunting bearded seals partly out necessity there simply aren enough belugas sustain the community anymore
2,2,"in the 1980s, kotzebue sound’s beluga population began to dwindle, from thousands to hundreds, and then to the dozens or fewer that visit the region now. kotzebue is not alone. although some stocks are healthy, beluga numbers have fallen off in around a half-dozen regions over the last 50 years. decades ago, hunting, commercial whaling, and other influences pushed the whales toward the brink. now, even after hunting has ceased in some places, stresses such as climate change, increased ship traffic, and chemical pollutants are a gathering storm that threatens to finish the job.","['in', 'the', '1980s', 'kotzebue', 'sound', 's', 'beluga', 'population', 'began', 'to', 'dwindle', 'from', 'thousands', 'to', 'hundreds', 'and', 'then', 'to', 'the', 'dozens', 'or', 'fewer', 'that', 'visit', 'the', 'region', 'now', 'kotzebue', 'is', 'not', 'alone', 'although', 'some', 'stocks', 'are', 'healthy', 'beluga', 'numbers', 'have', 'fallen', 'off', 'in', 'around', 'a', 'half', 'dozen', 'regions', 'over', 'the', 'last', '50', 'years', 'decades', 'ago', 'hunting', 'commercial', 'whaling', 'and', 'other', 'influences', 'pushed', 'the', 'whales', 'toward', 'the', 'brink', 'now', 'even', 'after', 'hunting', 'has', 'ceased', 'in', 'some', 'places', 'stresses', 'such', 'as', 'climate', 'change', 'increased', 'ship', 'traffic', 'and', 'chemical', 'pollutants', 'are', 'a', 'gathering', 'storm', 'that', 'threatens', 'to', 'finish', 'the', 'job']","['in', 'the', '1980s', 'kotzebue', 'sound', 's', 'beluga', 'population', 'began', 'to', 'dwindle', 'from', 'thousands', 'to', 'hundreds', 'and', 'then', 'to', 'the', 'dozens', 'or', 'fewer', 'that', 'visit', 'the', 'region', 'now', 'kotzebue', 'is', 'not', 'alone', 'although', 'some', 'stocks', 'are', 'healthy', 'beluga', 'numbers', 'have', 'fallen', 'off', 'in', 'around', 'a', 'half', 'dozen', 'regions', 'over', 'the', 'last', '50', 'years', 'decades', 'ago', 'hunting', 'commercial', 'whaling', 'and', 'other', 'influences', 'pushed', 'the', 'whales', 'toward', 'the', 'brink', 'now', 'even', 'after', 'hunting', 'has', 'ceased', 'in', 'some', 'places', 'stresses', 'such', 'as', 'climate', 'change', 'increased', 'ship', 'traffic', 'and', 'chemical', 'pollutants', 'are', 'a', 'gathering', 'storm', 'that', 'threatens', 'to', 'finish', 'the', 'job']",the 1980s kotzebue sound beluga population began dwindle from thousands hundreds and then the dozens fewer that visit the region now kotzebue not alone although some stocks are healthy beluga numbers have fallen off around half dozen regions over the last years decades ago hunting commercial whaling and other influences pushed the whales toward the brink now even after hunting has ceased some places stresses such climate change increased ship traffic and chemical pollutants are gathering storm that threatens finish the job,the 1980s kotzebue sound beluga population began dwindle from thousands hundreds and then the dozens fewer that visit the region now kotzebue not alone although some stocks are healthy beluga numbers have fallen off around half dozen regions over the last years decades ago hunting commercial whaling and other influences pushed the whales toward the brink now even after hunting has ceased some places stresses such climate change increased ship traffic and chemical pollutants are gathering storm that threatens finish the job
3,3,"but some scientists think that understanding how the whales respond to these stresses could end up being as important as understanding the stresses themselves. belugas, like chimpanzees, birds, humans, and many other animals, create cultures by passing knowledge and customs from one generation to the next. with climate change and other human activities reshaping the world at an alarming rate, belugas will likely have to rely on innovative cultural practices to adapt—genetic adaptation is simply too slow to keep up.","['but', 'some', 'scientists', 'think', 'that', 'understanding', 'how', 'the', 'whales', 'respond', 'to', 'these', 'stresses', 'could', 'end', 'up', 'being', 'as', 'important', 'as', 'understanding', 'the', 'stresses', 'themselves', 'belugas', 'like', 'chimpanzees', 'birds', 'humans', 'and', 'many', 'other', 'animals', 'create', 'cultures', 'by', 'passing', 'knowledge', 'and', 'customs', 'from', 'one', 'generation', 'to', 'the', 'next', 'with', 'climate', 'change', 'and', 'other', 'human', 'activities', 'reshaping', 'the', 'world', 'at', 'an', 'alarming', 'rate', 'belugas', 'will', 'likely', 'have', 'to', 'rely', 'on', 'innovative', 'cultural', 'practices', 'to', 'adapt', 'genetic', 'adaptation', 'is', 'simply', 'too', 'slow', 'to', 'keep', 'up']","['some', 'scientists', 'think', 'that', 'understanding', 'how', 'the', 'whales', 'respond', 'to', 'these', 'stresses', 'could', 'end', 'up', 'being', 'as', 'important', 'as', 'understanding', 'the', 'stresses', 'themselves', 'belugas', 'like', 'chimpanzees', 'birds', 'humans', 'and', 'many', 'other', 'animals', 'create', 'cultures', 'by', 'passing', 'knowledge', 'and', 'customs', 'from', 'one', 'generation', 'to', 'the', 'next', 'with', 'climate', 'change', 'and', 'other', 'human', 'activities', 'reshaping', 'the', 'world', 'at', 'an', 'alarming', 'rate', 'belugas', 'will', 'likely', 'have', 'to', 'rely', 'on', 'innovative', 'cultural', 'practices', 'to', 'adapt', 'genetic', 'adaptation', 'is', 'simply', 'too', 'slow', 'to', 'keep', 'up']",some scientists think that understanding how the whales respond these stresses could end being important understanding the stresses themselves belugas like chimpanzees birds humans and many other animals create cultures passing knowledge and customs from one generation the next with climate change and other human activities reshaping the world alarming rate belugas will likely have rely innovative cultural practices adapt genetic adaptation simply too slow keep,some scientists think that understanding how the whales respond these stresses could end being important understanding the stresses themselves belugas like chimpanzees birds humans and many other animals create cultures passing knowledge and customs from one generation the next with climate change and other human activities reshaping the world alarming rate belugas will likely have rely innovative cultural practices adapt genetic adaptation simply too slow keep
4,4,"cultural practices can become rote, however, and just like humans, other animals can hold onto traditions long after they’ve stopped making sense. one key question, according to greg o’corry-crowe, a behavioral ecologist at florida atlantic university, is: will culture carry the whales through?","['cultural', 'practices', 'can', 'become', 'rote', 'however', 'and', 'just', 'like', 'humans', 'other', 'animals', 'can', 'hold', 'onto', 'traditions', 'long', 'after', 'they', 've', 'stopped', 'making', 'sense', 'one', 'key', 'question', 'according', 'to', 'greg', 'o', 'corry', 'crowe', 'a', 'behavioral', 'ecologist', 'at', 'florida', 'atlantic', 'university', 'is', 'will', 'culture', 'carry', 'the', 'whales', 'through']","['cultural', 'practices', 'can', 'become', 'rote', 'however', 'and', 'just', 'like', 'humans', 'other', 'animals', 'can', 'hold', 'onto', 'traditions', 'long', 'after', 'they', 've', 'stopped', 'making', 'sense', 'one', 'key', 'question', 'according', 'to', 'greg', 'o', 'corry', 'crowe', 'a', 'behavioral', 'ecologist', 'at', 'florida', 'atlantic', 'university', 'is', 'will', 'culture', 'carry', 'the', 'whales', 'through']",cultural practices can become rote however and just like humans other animals can hold onto traditions long after they stopped making sense one key question according greg corry crowe behavioral ecologist florida atlantic university will culture carry the whales through,cultural practices can become rote however and just like humans other animals can hold onto traditions long after they stopped making sense one key question according greg corry crowe behavioral ecologist florida atlantic university will culture carry the whales through
5,5,"“when the change is so seismic, maybe, and so rapid, you’re trying to look for the innovators and the pioneers among the social conservatives,” o’corry-crowe said. at the same time, indigenous people like schaeffer are facing their own quandary. continuing to hunt belugas may hurt the whales’ chance of rebounding, but if indigenous groups give up the practice, they could lose knowledge that’s helped sustain them in the arctic for thousands of years.","['when', 'the', 'change', 'is', 'so', 'seismic', 'maybe', 'and', 'so', 'rapid', 'you', 're', 'trying', 'to', 'look', 'for', 'the', 'innovators', 'and', 'the', 'pioneers', 'among', 'the', 'social', 'conservatives', 'o', 'corry', 'crowe', 'said', 'at', 'the', 'same', 'time', 'indigenous', 'people', 'like', 'schaeffer', 'are', 'facing', 'their', 'own', 'quandary', 'continuing', 'to', 'hunt', 'belugas', 'may', 'hurt', 'the', 'whales', 'chance', 'of', 'rebounding', 'but', 'if', 'indigenous', 'groups', 'give', 'up', 'the', 'practice', 'they', 'could', 'lose', 'knowledge', 'that', 's', 'helped', 'sustain', 'them', 'in', 'the', 'arctic', 'for', 'thousands', 'of', 'years']","['the', 'change', 'is', 'so', 'seismic', 'maybe', 'and', 'so', 'rapid', 'you', 're', 'trying', 'to', 'look', 'for', 'the', 'innovators', 'and', 'the', 'pioneers', 'among', 'the', 'social', 'conservatives', 'o', 'corry', 'crowe', 'said', 'at', 'the', 'same', 'time', 'indigenous', 'people', 'like', 'schaeffer', 'are', 'facing', 'their', 'own', 'quandary', 'continuing', 'to', 'hunt', 'belugas', 'may', 'hurt', 'the', 'whales', 'chance', 'of', 'rebounding', 'if', 'indigenous', 'groups', 'give', 'up', 'the', 'practice', 'they', 'could', 'lose', 'knowledge', 'that', 's', 'helped', 'sustain', 'them', 'in', 'the', 'arctic', 'for', 'thousands', 'of', 'years']",the change seismic maybe and rapid you trying look for the innovators and the pioneers among the social conservatives corry crowe said the same time indigenous people like schaeffer are facing their own quandary continuing hunt belugas may hurt the whales chance rebounding indigenous groups give the practice they could lose knowledge that helped sustain them the arctic for thousands years,the change seismic maybe and rapid you trying look for the innovators and the pioneers among the social conservatives corry crowe said the same time indigenous people like schaeffer are facing their own quandary continuing hunt belugas may hurt the whales chance rebounding indigenous groups give the practice they could lose knowledge that helped sustain them the arctic for thousands years
6,6,"philosophers and scientists have long suggested that animals can learn. but even in the early 2000s, scientists debated the idea that animals accumulate knowledge over generations. one animal that helped popularize that notion is the killer whale.","['philosophers', 'and', 'scientists', 'have', 'long', 'suggested', 'that', 'animals', 'can', 'learn', 'but', 'even', 'in', 'the', 'early', '2000s', 'scientists', 'debated', 'the', 'idea', 'that', 'animals', 'accumulate', 'knowledge', 'over', 'generations', 'one', 'animal', 'that', 'helped', 'popularize', 'that', 'notion', 'is', 'the', 'killer', 'whale']","['philosophers', 'and', 'scientists', 'have', 'long', 'suggested', 'that', 'animals', 'can', 'learn', 'even', 'in', 'the', 'early', '2000s', 'scientists', 'debated', 'the', 'idea', 'that', 'animals', 'accumulate', 'knowledge', 'over', 'generations', 'one', 'animal', 'that', 'helped', 'popularize', 'that', 'notion', 'is', 'the', 'killer', 'whale']",philosophers and scientists have long suggested that animals can learn even the early 2000s scientists debated the idea that animals accumulate knowledge over generations one animal that helped popularize that notion the killer whale,philosophers and scientists have long suggested that animals can learn even the early 2000s scientists debated the idea that animals accumulate knowledge over generations one animal that helped popularize that notion the killer whale
7,7,"toward the end of the 20th century, scientists realized that killer whales living off the west coast of north america, between puget sound and vancouver, had separated into communities with unique ways and customs. vocalizations differed, for example. “it’s like some people speak english, some people speak french,” said hal whitehead, a biologist who specializes in social structures at dalhousie university. pods from the southern end of the range practiced a greeting ceremony, lining up opposite each other and bobbing their heads; those from the north did not. the northern whales, on the other hand, liked to rub their bodies against beaches, presumably to remove dead skin.","['toward', 'the', 'end', 'of', 'the', '20th', 'century', 'scientists', 'realized', 'that', 'killer', 'whales', 'living', 'off', 'the', 'west', 'coast', 'of', 'north', 'america', 'between', 'puget', 'sound', 'and', 'vancouver', 'had', 'separated', 'into', 'communities', 'with', 'unique', 'ways', 'and', 'customs', 'vocalizations', 'differed', 'for', 'example', 'it', 's', 'like', 'some', 'people', 'speak', 'english', 'some', 'people', 'speak', 'french', 'said', 'hal', 'whitehead', 'a', 'biologist', 'who', 'specializes', 'in', 'social', 'structures', 'at', 'dalhousie', 'university', 'pods', 'from', 'the', 'southern', 'end', 'of', 'the', 'range', 'practiced', 'a', 'greeting', 'ceremony', 'lining', 'up', 'opposite', 'each', 'other', 'and', 'bobbing', 'their', 'heads', 'those', 'from', 'the', 'north', 'did', 'not', 'the', 'northern', 'whales', 'on', 'the', 'other', 'hand', 'liked', 'to', 'rub', 'their', 'bodies', 'against', 'beaches', 'presumably', 'to', 'remove', 'dead', 'skin']","['toward', 'the', 'end', 'of', 'the', '20th', 'century', 'scientists', 'realized', 'that', 'killer', 'whales', 'living', 'off', 'the', 'west', 'coast', 'of', 'north', 'america', 'between', 'puget', 'sound', 'and', 'vancouver', 'had', 'separated', 'into', 'communities', 'with', 'unique', 'ways', 'and', 'customs', 'vocalizations', 'differed', 'for', 'example', 'it', 's', 'like', 'some', 'people', 'speak', 'english', 'some', 'people', 'speak', 'french', 'said', 'hal', 'whitehead', 'a', 'biologist', 'who', 'specializes', 'in', 'social', 'structures', 'at', 'dalhousie', 'university', 'pods', 'from', 'the', 'southern', 'end', 'of', 'the', 'range', 'practiced', 'a', 'greeting', 'ceremony', 'lining', 'up', 'opposite', 'each', 'other', 'and', 'bobbing', 'their', 'heads', 'those', 'from', 'the', 'north', 'did', 'not', 'the', 'northern', 'whales', 'on', 'the', 'other', 'hand', 'liked', 'to', 'rub', 'their', 'bodies', 'against', 'beaches', 'presumably', 'to', 'remove', 'dead', 'skin']",toward the end the 20th century scientists realized that killer whales living off the west coast north america between puget sound and vancouver had separated into communities with unique ways and customs vocalizations differed for example like some people speak english some people speak french said hal whitehead biologist who specializes social structures dalhousie university pods from the southern end the range practiced greeting ceremony lining opposite each other and bobbing their heads those from the north did not the northern whales the other hand liked rub their bodies against beaches presumably remove dead skin,toward the end the 20th century scientists realized that killer whales living off the west coast north america between puget sound and vancouver had separated into communities with unique ways and customs vocalizations differed for example like some people speak english some people speak french said hal whitehead biologist who specializes social structures dalhousie university pods from the southern end the range practiced greeting ceremony lining opposite each other and bobbing their heads those from the north did not the northern whales the other hand liked rub their bodies against beaches presumably remove dead skin
8,8,"some cultural practices, like which language whales speak, may not have much impact on survival. but others, like techniques for finding food, can be critical. when killer whales go through lean times, scientists can see long-term knowledge at play: killer whales move in pods, and when food gets scarce, the oldest females move to the front. they’re likely using knowledge from times when conditions were similar—possibly decades earlier—to show younger whales where to find prey. “it’s called the grandmother hypothesis,” said sam ellis, a behavioral ecologist at the university of exeter. he and his colleagues have shown that killer whales with living grandmothers are more likely to survive than those without.","['some', 'cultural', 'practices', 'like', 'which', 'language', 'whales', 'speak', 'may', 'not', 'have', 'much', 'impact', 'on', 'survival', 'but', 'others', 'like', 'techniques', 'for', 'finding', 'food', 'can', 'be', 'critical', 'when', 'killer', 'whales', 'go', 'through', 'lean', 'times', 'scientists', 'can', 'see', 'long', 'term', 'knowledge', 'at', 'play', 'killer', 'whales', 'move', 'in', 'pods', 'and', 'when', 'food', 'gets', 'scarce', 'the', 'oldest', 'females', 'move', 'to', 'the', 'front', 'they', 're', 'likely', 'using', 'knowledge', 'from', 'times', 'when', 'conditions', 'were', 'similar', 'possibly', 'decades', 'earlier', 'to', 'show', 'younger', 'whales', 'where', 'to', 'find', 'prey', 'it', 's', 'called', 'the', 'grandmother', 'hypothesis', 'said', 'sam', 'ellis', 'a', 'behavioral', 'ecologist', 'at', 'the', 'university', 'of', 'exeter', 'he', 'and', 'his', 'colleagues', 'have', 'shown', 'that', 'killer', 'whales', 'with', 'living', 'grandmothers', 'are', 'more', 'likely', 'to', 'survive', 'than', 'those', 'without']","['some', 'cultural', 'practices', 'like', 'which', 'language', 'whales', 'speak', 'may', 'not', 'have', 'much', 'impact', 'on', 'survival', 'others', 'like', 'techniques', 'for', 'finding', 'food', 'can', 'be', 'critical', 'killer', 'whales', 'go', 'through', 'lean', 'times', 'scientists', 'can', 'see', 'long', 'term', 'knowledge', 'at', 'play', 'killer', 'whales', 'move', 'in', 'pods', 'and', 'food', 'gets', 'scarce', 'the', 'oldest', 'females', 'move', 'to', 'the', 'front', 'they', 're', 'likely', 'using', 'knowledge', 'from', 'times', 'conditions', 'were', 'similar', 'possibly', 'decades', 'earlier', 'to', 'show', 'younger', 'whales', 'where', 'to', 'find', 'prey', 'it', 's', 'called', 'the', 'grandmother', 'hypothesis', 'said', 'sam', 'ellis', 'a', 'behavioral', 'ecologist', 'at', 'the', 'university', 'of', 'exeter', 'he', 'and', 'his', 'colleagues', 'have', 'shown', 'that', 'killer', 'whales', 'with', 'living', 'grandmothers', 'are', 'more', 'likely', 'to', 'survive', 'than', 'those', 'without']",some cultural practices like which language whales speak may not have much impact survival others like techniques for finding food can critical killer whales through lean times scientists can see long term knowledge play killer whales move pods and food gets scarce the oldest females move the front they likely using knowledge from times conditions were similar possibly decades earlier show younger whales where find prey called the grandmother hypothesis said sam ellis behavioral ecologist the university exeter and his colleagues have shown that killer whales with living grandmothers are more likely survive than those without,some cultural practices like which language whales speak may not have much impact survival others like techniques for finding food can critical killer whales through lean times scientists can see long term knowledge play killer whales move pods and food gets scarce the oldest females move the front they likely using knowledge from times conditions were similar possibly decades earlier show younger whales where find prey called the grandmother hypothesis said sam ellis behavioral ecologist the university exeter and his colleagues have shown that killer whales with living grandmothers are more likely survive than those without
9,9,"cultural adaptations have also helped species like belugas and killer whales survive, said o’corry-crowe, and behaviors can develop much faster than genes can be revamped. to cope with warming waters, belugas could learn to move to regions that are still cold enough for their bodies (as long as such regions still exist). otherwise, they may need to evolve to dissipate heat more efficiently—a process that would take at least a few generations and likely much longer. when resources are patchy, “it’s important to remember where they are, and to pass that knowledge on,” he said. but old practices can pose a problem if they don’t allow the group to adapt to new circumstances. when the world changes quickly, “suddenly, you’re let down,” ellis said.","['cultural', 'adaptations', 'have', 'also', 'helped', 'species', 'like', 'belugas', 'and', 'killer', 'whales', 'survive', 'said', 'o', 'corry', 'crowe', 'and', 'behaviors', 'can', 'develop', 'much', 'faster', 'than', 'genes', 'can', 'be', 'revamped', 'to', 'cope', 'with', 'warming', 'waters', 'belugas', 'could', 'learn', 'to', 'move', 'to', 'regions', 'that', 'are', 'still', 'cold', 'enough', 'for', 'their', 'bodies', 'as', 'long', 'as', 'such', 'regions', 'still', 'exist', 'otherwise', 'they', 'may', 'need', 'to', 'evolve', 'to', 'dissipate', 'heat', 'more', 'efficiently', 'a', 'process', 'that', 'would', 'take', 'at', 'least', 'a', 'few', 'generations', 'and', 'likely', 'much', 'longer', 'when', 'resources', 'are', 'patchy', 'it', 's', 'important', 'to', 'remember', 'where', 'they', 'are', 'and', 'to', 'pass', 'that', 'knowledge', 'on', 'he', 'said', 'but', 'old', 'practices', 'can', 'pose', 'a', 'problem', 'if', 'they', 'don', 't', 'allow', 'the', 'group', 'to', 'adapt', 'to', 'new', 'circumstances', 'when', 'the', 'world', 'changes', 'quickly', 'suddenly', 'you', 're', 'let', 'down', 'ellis', 'said']","['cultural', 'adaptations', 'have', 'also', 'helped', 'species', 'like', 'belugas', 'and', 'killer', 'whales', 'survive', 'said', 'o', 'corry', 'crowe', 'and', 'behaviors', 'can', 'develop', 'much', 'faster', 'than', 'genes', 'can', 'be', 'revamped', 'to', 'cope', 'with', 'warming', 'waters', 'belugas', 'could', 'learn', 'to', 'move', 'to', 'regions', 'that', 'are', 'still', 'cold', 'enough', 'for', 'their', 'bodies', 'as', 'long', 'as', 'such', 'regions', 'still', 'exist', 'otherwise', 'they', 'may', 'need', 'to', 'evolve', 'to', 'dissipate', 'heat', 'more', 'efficiently', 'a', 'process', 'that', 'would', 'take', 'at', 'least', 'a', 'few', 'generations', 'and', 'likely', 'much', 'longer', 'resources', 'are', 'patchy', 'it', 's', 'important', 'to', 'remember', 'where', 'they', 'are', 'and', 'to', 'pass', 'that', 'knowledge', 'on', 'he', 'said', 'old', 'practices', 'can', 'pose', 'a', 'problem', 'if', 'they', 'don', 't', 'allow', 'the', 'group', 'to', 'adapt', 'to', 'new', 'circumstances', 'the', 'world', 'changes', 'quickly', 'suddenly', 'you', 're', 'let', 'down', 'ellis', 'said']",cultural adaptations have also helped species like belugas and killer whales survive said corry crowe and behaviors can develop much faster than genes can revamped cope with warming waters belugas could learn move regions that are still cold enough for their bodies long such regions still exist otherwise they may need evolve dissipate heat more efficiently process that would take least few generations and likely much longer resources are patchy important remember where they are and pass that knowledge said old practices can pose problem they don allow the group adapt new circumstances the world changes quickly suddenly you let down ellis said,cultural adaptations have also helped species like belugas and killer whales survive said corry crowe and behaviors can develop much faster than genes can revamped cope with warming waters belugas could learn move regions that are still cold enough for their bodies long such regions still exist otherwise they may need evolve dissipate heat more efficiently process that would take least few generations and likely much longer resources are patchy important remember where they are and pass that knowledge said old practices can pose problem they don allow the group adapt new circumstances the world changes quickly suddenly you let down ellis said
10,10,"whitehead uses the belugas of hudson bay, in northern canada, as an example. at least three populations of belugas migrate to hudson bay in the summer, and whitehead focuses on two: one that goes to the eastern side and one to the western side. which side a whale goes to is a matter of family tradition that baby belugas learn from their mothers. decades ago, commercial whalers overharvested the eastern population. yet new generations of eastern belugas kept following their mothers to that more dangerous side of the bay. the eastern population became dangerously depleted while the western whales thrived.","['whitehead', 'uses', 'the', 'belugas', 'of', 'hudson', 'bay', 'in', 'northern', 'canada', 'as', 'an', 'example', 'at', 'least', 'three', 'populations', 'of', 'belugas', 'migrate', 'to', 'hudson', 'bay', 'in', 'the', 'summer', 'and', 'whitehead', 'focuses', 'on', 'two', 'one', 'that', 'goes', 'to', 'the', 'eastern', 'side', 'and', 'one', 'to', 'the', 'western', 'side', 'which', 'side', 'a', 'whale', 'goes', 'to', 'is', 'a', 'matter', 'of', 'family', 'tradition', 'that', 'baby', 'belugas', 'learn', 'from', 'their', 'mothers', 'decades', 'ago', 'commercial', 'whalers', 'overharvested', 'the', 'eastern', 'population', 'yet', 'new', 'generations', 'of', 'eastern', 'belugas', 'kept', 'following', 'their', 'mothers', 'to', 'that', 'more', 'dangerous', 'side', 'of', 'the', 'bay', 'the', 'eastern', 'population', 'became', 'dangerously', 'depleted', 'while', 'the', 'western', 'whales', 'thrived']","['whitehead', 'uses', 'the', 'belugas', 'of', 'hudson', 'bay', 'in', 'northern', 'canada', 'as', 'an', 'example', 'at', 'least', 'three', 'populations', 'of', 'belugas', 'migrate', 'to', 'hudson', 'bay', 'in', 'the', 'summer', 'and', 'whitehead', 'focuses', 'on', 'two', 'one', 'that', 'goes', 'to', 'the', 'eastern', 'side', 'and', 'one', 'to', 'the', 'western', 'side', 'which', 'side', 'a', 'whale', 'goes', 'to', 'is', 'a', 'matter', 'of', 'family', 'tradition', 'that', 'baby', 'belugas', 'learn', 'from', 'their', 'mothers', 'decades', 'ago', 'commercial', 'whalers', 'overharvested', 'the', 'eastern', 'population', 'yet', 'new', 'generations', 'of', 'eastern', 'belugas', 'kept', 'following', 'their', 'mothers', 'to', 'that', 'more', 'dangerous', 'side', 'of', 'the', 'bay', 'the', 'eastern', 'population', 'became', 'dangerously', 'depleted', 'while', 'the', 'western', 'whales', 'thrived']",whitehead uses the belugas hudson bay northern canada example least three populations belugas migrate hudson bay the summer and whitehead focuses two one that goes the eastern side and one the western side which side whale goes matter family tradition that baby belugas learn from their mothers decades ago commercial whalers overharvested the eastern population yet new generations eastern belugas kept following their mothers that more dangerous side the bay the eastern population became dangerously depleted while the western whales thrived,whitehead uses the belugas hudson bay northern canada example least three populations belugas migrate hudson bay the summer and whitehead focuses two one that goes the eastern side and one the western side which side whale goes matter family tradition that baby belugas learn from their mothers decades ago commercial whalers overharvested the eastern population yet new generations eastern belugas kept following their mothers that more dangerous side the bay the eastern population became dangerously depleted while the western whales thrived
11,11,"over the last few years, the quick pace of environmental change has sparked a string of scientific publications emphasizing the importance of animal culture for conservation. some conservation groups have begun considering cultural traits to be as worthy of conservation as genetic signatures. the idea, o’corry-crowe said, is that maintaining diversity of animal knowledge optimizes opportunities for animals to figure out how to address new challenges, just as maintaining genetic diversity maximizes their opportunities to evolve new physical characteristics.","['over', 'the', 'last', 'few', 'years', 'the', 'quick', 'pace', 'of', 'environmental', 'change', 'has', 'sparked', 'a', 'string', 'of', 'scientific', 'publications', 'emphasizing', 'the', 'importance', 'of', 'animal', 'culture', 'for', 'conservation', 'some', 'conservation', 'groups', 'have', 'begun', 'considering', 'cultural', 'traits', 'to', 'be', 'as', 'worthy', 'of', 'conservation', 'as', 'genetic', 'signatures', 'the', 'idea', 'o', 'corry', 'crowe', 'said', 'is', 'that', 'maintaining', 'diversity', 'of', 'animal', 'knowledge', 'optimizes', 'opportunities', 'for', 'animals', 'to', 'figure', 'out', 'how', 'to', 'address', 'new', 'challenges', 'just', 'as', 'maintaining', 'genetic', 'diversity', 'maximizes', 'their', 'opportunities', 'to', 'evolve', 'new', 'physical', 'characteristics']","['over', 'the', 'last', 'few', 'years', 'the', 'quick', 'pace', 'of', 'environmental', 'change', 'has', 'sparked', 'a', 'string', 'of', 'scientific', 'publications', 'emphasizing', 'the', 'importance', 'of', 'animal', 'culture', 'for', 'conservation', 'some', 'conservation', 'groups', 'have', 'begun', 'considering', 'cultural', 'traits', 'to', 'be', 'as', 'worthy', 'of', 'conservation', 'as', 'genetic', 'signatures', 'the', 'idea', 'o', 'corry', 'crowe', 'said', 'is', 'that', 'maintaining', 'diversity', 'of', 'animal', 'knowledge', 'optimizes', 'opportunities', 'for', 'animals', 'to', 'figure', 'out', 'how', 'to', 'address', 'new', 'challenges', 'just', 'as', 'maintaining', 'genetic', 'diversity', 'maximizes', 'their', 'opportunities', 'to', 'evolve', 'new', 'physical', 'characteristics']",over the last few years the quick pace environmental change has sparked string scientific publications emphasizing the importance animal culture for conservation some conservation groups have begun considering cultural traits worthy conservation genetic signatures the idea corry crowe said that maintaining diversity animal knowledge optimizes opportunities for animals figure out how address new challenges just maintaining genetic diversity maximizes their opportunities evolve new physical characteristics,over the last few years the quick pace environmental change has sparked string scientific publications emphasizing the importance animal culture for conservation some conservation groups have begun considering cultural traits worthy conservation genetic signatures the idea corry crowe said that maintaining diversity animal knowledge optimizes opportunities for animals figure out how address new challenges just maintaining genetic diversity maximizes their opportunities evolve new physical characteristics
12,12,"when a pocket of animals with specialized knowledge is lost, “it’s not like it’s immediately replaced. and so you start to blink out unique cultures,” he said. “and that is a loss of adaptive potential going forward.”","['when', 'a', 'pocket', 'of', 'animals', 'with', 'specialized', 'knowledge', 'is', 'lost', 'it', 's', 'not', 'like', 'it', 's', 'immediately', 'replaced', 'and', 'so', 'you', 'start', 'to', 'blink', 'out', 'unique', 'cultures', 'he', 'said', 'and', 'that', 'is', 'a', 'loss', 'of', 'adaptive', 'potential', 'going', 'forward']","['a', 'pocket', 'of', 'animals', 'with', 'specialized', 'knowledge', 'is', 'lost', 'it', 's', 'not', 'like', 'it', 's', 'immediately', 'replaced', 'and', 'so', 'you', 'start', 'to', 'blink', 'out', 'unique', 'cultures', 'he', 'said', 'and', 'that', 'is', 'a', 'loss', 'of', 'adaptive', 'potential', 'going', 'forward']",pocket animals with specialized knowledge lost not like immediately replaced and you start blink out unique cultures said and that loss adaptive potential going forward,pocket animals with specialized knowledge lost not like immediately replaced and you start blink out unique cultures said and that loss adaptive potential going forward
13,13,"the belugas of cook inlet, alaska, are among those that are in danger of blinking out. that’s why, one sunny afternoon in september 2022, national oceanic and atmospheric administration fisheries biologist verena gill climbed into a roughly 7-foot-tall beluga costume, adorned with a scarf bearing the name betty. hiking up betty’s tail, gill waddled to the side of seward highway in anchorage, alaska, where she waved her flippers at passing motorists to generate support for the whales.","['the', 'belugas', 'of', 'cook', 'inlet', 'alaska', 'are', 'among', 'those', 'that', 'are', 'in', 'danger', 'of', 'blinking', 'out', 'that', 's', 'why', 'one', 'sunny', 'afternoon', 'in', 'september', '2022', 'national', 'oceanic', 'and', 'atmospheric', 'administration', 'fisheries', 'biologist', 'verena', 'gill', 'climbed', 'into', 'a', 'roughly', '7', 'foot', 'tall', 'beluga', 'costume', 'adorned', 'with', 'a', 'scarf', 'bearing', 'the', 'name', 'betty', 'hiking', 'up', 'betty', 's', 'tail', 'gill', 'waddled', 'to', 'the', 'side', 'of', 'seward', 'highway', 'in', 'anchorage', 'alaska', 'where', 'she', 'waved', 'her', 'flippers', 'at', 'passing', 'motorists', 'to', 'generate', 'support', 'for', 'the', 'whales']","['the', 'belugas', 'of', 'cook', 'inlet', 'alaska', 'are', 'among', 'those', 'that', 'are', 'in', 'danger', 'of', 'blinking', 'out', 'that', 's', 'why', 'one', 'sunny', 'afternoon', 'in', 'september', '2022', 'national', 'oceanic', 'and', 'atmospheric', 'administration', 'fisheries', 'biologist', 'verena', 'gill', 'climbed', 'into', 'a', 'roughly', '7', 'foot', 'tall', 'beluga', 'costume', 'adorned', 'with', 'a', 'scarf', 'bearing', 'the', 'name', 'betty', 'hiking', 'up', 'betty', 's', 'tail', 'gill', 'waddled', 'to', 'the', 'side', 'of', 'seward', 'highway', 'in', 'anchorage', 'alaska', 'where', 'she', 'waved', 'her', 'flippers', 'at', 'passing', 'motorists', 'to', 'generate', 'support', 'for', 'the', 'whales']",the belugas cook inlet alaska are among those that are danger blinking out that why one sunny afternoon september 2022 national oceanic and atmospheric administration fisheries biologist verena gill climbed into roughly foot tall beluga costume adorned with scarf bearing the name betty hiking betty tail gill waddled the side seward highway anchorage alaska where she waved her flippers passing motorists generate support for the whales,the belugas cook inlet alaska are among those that are danger blinking out that why one sunny afternoon september 2022 national oceanic and atmospheric administration fisheries biologist verena gill climbed into roughly foot tall beluga costume adorned with scarf bearing the name betty hiking betty tail gill waddled the side seward highway anchorage alaska where she waved her flippers passing motorists generate support for the whales
14,14,"cook inlet reaches in from alaska’s southern coast like an arm terminating in two talons that wrap around anchorage, and it’s been a key area in the push to save belugas. unlike some populations, cook inlet’s belugas do not undergo a widespread migration. rather, they stay in the inlet, where they comprise a genetically distinct population. overharvesting—from commercial, sport, and subsistence hunting—almost certainly precipitated the decline of cook inlet’s belugas, from more than a thousand to around 279 that live there today.","['cook', 'inlet', 'reaches', 'in', 'from', 'alaska', 's', 'southern', 'coast', 'like', 'an', 'arm', 'terminating', 'in', 'two', 'talons', 'that', 'wrap', 'around', 'anchorage', 'and', 'it', 's', 'been', 'a', 'key', 'area', 'in', 'the', 'push', 'to', 'save', 'belugas', 'unlike', 'some', 'populations', 'cook', 'inlet', 's', 'belugas', 'do', 'not', 'undergo', 'a', 'widespread', 'migration', 'rather', 'they', 'stay', 'in', 'the', 'inlet', 'where', 'they', 'comprise', 'a', 'genetically', 'distinct', 'population', 'overharvesting', 'from', 'commercial', 'sport', 'and', 'subsistence', 'hunting', 'almost', 'certainly', 'precipitated', 'the', 'decline', 'of', 'cook', 'inlet', 's', 'belugas', 'from', 'more', 'than', 'a', 'thousand', 'to', 'around', '279', 'that', 'live', 'there', 'today']","['cook', 'inlet', 'reaches', 'in', 'from', 'alaska', 's', 'southern', 'coast', 'like', 'an', 'arm', 'terminating', 'in', 'two', 'talons', 'that', 'wrap', 'around', 'anchorage', 'and', 'it', 's', 'been', 'a', 'key', 'area', 'in', 'the', 'push', 'to', 'save', 'belugas', 'unlike', 'some', 'populations', 'cook', 'inlet', 's', 'belugas', 'do', 'not', 'undergo', 'a', 'widespread', 'migration', 'rather', 'they', 'stay', 'in', 'the', 'inlet', 'where', 'they', 'comprise', 'a', 'genetically', 'distinct', 'population', 'overharvesting', 'from', 'commercial', 'sport', 'and', 'subsistence', 'hunting', 'almost', 'certainly', 'precipitated', 'the', 'decline', 'of', 'cook', 'inlet', 's', 'belugas', 'from', 'more', 'than', 'a', 'thousand', 'to', 'around', '279', 'that', 'live', 'there', 'today']",cook inlet reaches from alaska southern coast like arm terminating two talons that wrap around anchorage and been key area the push save belugas unlike some populations cook inlet belugas not undergo widespread migration rather they stay the inlet where they comprise genetically distinct population overharvesting from commercial sport and subsistence hunting almost certainly precipitated the decline cook inlet belugas from more than thousand around 279 that live there today,cook inlet reaches from alaska southern coast like arm terminating two talons that wrap around anchorage and been key area the push save belugas unlike some populations cook inlet belugas not undergo widespread migration rather they stay the inlet where they comprise genetically distinct population overharvesting from commercial sport and subsistence hunting almost certainly precipitated the decline cook inlet belugas from more than thousand around 279 that live there today
15,15,"in the early 2000s, the plight of the whales spurred action: the area’s indigenous groups gave up hunting in 2005. and yet, the whales’ numbers continue to slowly drop. in 2008, the cook inlet belugas were listed as endangered. a multitude of threats, including noise pollution, chemical pollution, climate change, and prey declines, have likely swamped any benefit of curtailing hunting, and protections extended to the whales by the endangered species act have not been sufficient. “it’s sort of death by a thousand cuts,” said gill.","['in', 'the', 'early', '2000s', 'the', 'plight', 'of', 'the', 'whales', 'spurred', 'action', 'the', 'area', 's', 'indigenous', 'groups', 'gave', 'up', 'hunting', 'in', '2005', 'and', 'yet', 'the', 'whales', 'numbers', 'continue', 'to', 'slowly', 'drop', 'in', '2008', 'the', 'cook', 'inlet', 'belugas', 'were', 'listed', 'as', 'endangered', 'a', 'multitude', 'of', 'threats', 'including', 'noise', 'pollution', 'chemical', 'pollution', 'climate', 'change', 'and', 'prey', 'declines', 'have', 'likely', 'swamped', 'any', 'benefit', 'of', 'curtailing', 'hunting', 'and', 'protections', 'extended', 'to', 'the', 'whales', 'by', 'the', 'endangered', 'species', 'act', 'have', 'not', 'been', 'sufficient', 'it', 's', 'sort', 'of', 'death', 'by', 'a', 'thousand', 'cuts', 'said', 'gill']","['in', 'the', 'early', '2000s', 'the', 'plight', 'of', 'the', 'whales', 'spurred', 'action', 'the', 'area', 's', 'indigenous', 'groups', 'gave', 'up', 'hunting', 'in', '2005', 'and', 'yet', 'the', 'whales', 'numbers', 'continue', 'to', 'slowly', 'drop', 'in', '2008', 'the', 'cook', 'inlet', 'belugas', 'were', 'listed', 'as', 'endangered', 'a', 'multitude', 'of', 'threats', 'including', 'noise', 'pollution', 'chemical', 'pollution', 'climate', 'change', 'and', 'prey', 'declines', 'have', 'likely', 'swamped', 'any', 'benefit', 'of', 'curtailing', 'hunting', 'and', 'protections', 'extended', 'to', 'the', 'whales', 'by', 'the', 'endangered', 'species', 'act', 'have', 'not', 'been', 'sufficient', 'it', 's', 'sort', 'of', 'death', 'by', 'a', 'thousand', 'cuts', 'said', 'gill']",the early 2000s the plight the whales spurred action the area indigenous groups gave hunting 2005 and yet the whales numbers continue slowly drop 2008 the cook inlet belugas were listed endangered multitude threats including noise pollution chemical pollution climate change and prey declines have likely swamped any benefit curtailing hunting and protections extended the whales the endangered species act have not been sufficient sort death thousand cuts said gill,the early 2000s the plight the whales spurred action the area indigenous groups gave hunting 2005 and yet the whales numbers continue slowly drop 2008 the cook inlet belugas were listed endangered multitude threats including noise pollution chemical pollution climate change and prey declines have likely swamped any benefit curtailing hunting and protections extended the whales the endangered species act have not been sufficient sort death thousand cuts said gill
16,16,"betty beluga comes out once a year to help. locals do, too: for one day each september, gill and other noaa fisheries scientists, volunteers from partner organizations, and members of the public descend on 14 sites in and around anchorage to see how many belugas they can find. the data they generate could inform research on long-term trends, but the event mostly serves to engage the public in the beluga recovery effort.","['betty', 'beluga', 'comes', 'out', 'once', 'a', 'year', 'to', 'help', 'locals', 'do', 'too', 'for', 'one', 'day', 'each', 'september', 'gill', 'and', 'other', 'noaa', 'fisheries', 'scientists', 'volunteers', 'from', 'partner', 'organizations', 'and', 'members', 'of', 'the', 'public', 'descend', 'on', '14', 'sites', 'in', 'and', 'around', 'anchorage', 'to', 'see', 'how', 'many', 'belugas', 'they', 'can', 'find', 'the', 'data', 'they', 'generate', 'could', 'inform', 'research', 'on', 'long', 'term', 'trends', 'but', 'the', 'event', 'mostly', 'serves', 'to', 'engage', 'the', 'public', 'in', 'the', 'beluga', 'recovery', 'effort']","['betty', 'beluga', 'comes', 'out', 'once', 'a', 'year', 'to', 'help', 'locals', 'do', 'too', 'for', 'one', 'day', 'each', 'september', 'gill', 'and', 'other', 'noaa', 'fisheries', 'scientists', 'volunteers', 'from', 'partner', 'organizations', 'and', 'members', 'of', 'the', 'public', 'descend', 'on', '14', 'sites', 'in', 'and', 'around', 'anchorage', 'to', 'see', 'how', 'many', 'belugas', 'they', 'can', 'find', 'the', 'data', 'they', 'generate', 'could', 'inform', 'research', 'on', 'long', 'term', 'trends', 'the', 'event', 'mostly', 'serves', 'to', 'engage', 'the', 'public', 'in', 'the', 'beluga', 'recovery', 'effort']",betty beluga comes out once year help locals too for one day each september gill and other noaa fisheries scientists volunteers from partner organizations and members the public descend sites and around anchorage see how many belugas they can find the data they generate could inform research long term trends the event mostly serves engage the public the beluga recovery effort,betty beluga comes out once year help locals too for one day each september gill and other noaa fisheries scientists volunteers from partner organizations and members the public descend sites and around anchorage see how many belugas they can find the data they generate could inform research long term trends the event mostly serves engage the public the beluga recovery effort
17,17,"the seward highway turnoff, called windy corner, was the last of five monitoring locations that gill visited during this year’s beluga count. passing drivers honked and waved as gill wrapped up a long string of photo ops with kids, social media appearances—including a livestream from inside the betty beluga suit—and mimicking the caws, squeaks, and whistles belugas use to communicate for a local tv news story. the popularity of this event, and other outreach efforts, are part of what gives gill hope that cook inlet’s belugas will recover. when the population was listed as endangered, local stakeholders got angsty about how the listing would affect the area, according to gill. “it just seemed like a lot of anger and worry, and there wasn’t a love for belugas like there is now,” she recalled. fourteen years later, many of these same groups partner with noaa fisheries in beluga recovery efforts.","['the', 'seward', 'highway', 'turnoff', 'called', 'windy', 'corner', 'was', 'the', 'last', 'of', 'five', 'monitoring', 'locations', 'that', 'gill', 'visited', 'during', 'this', 'year', 's', 'beluga', 'count', 'passing', 'drivers', 'honked', 'and', 'waved', 'as', 'gill', 'wrapped', 'up', 'a', 'long', 'string', 'of', 'photo', 'ops', 'with', 'kids', 'social', 'media', 'appearances', 'including', 'a', 'livestream', 'from', 'inside', 'the', 'betty', 'beluga', 'suit', 'and', 'mimicking', 'the', 'caws', 'squeaks', 'and', 'whistles', 'belugas', 'use', 'to', 'communicate', 'for', 'a', 'local', 'tv', 'news', 'story', 'the', 'popularity', 'of', 'this', 'event', 'and', 'other', 'outreach', 'efforts', 'are', 'part', 'of', 'what', 'gives', 'gill', 'hope', 'that', 'cook', 'inlet', 's', 'belugas', 'will', 'recover', 'when', 'the', 'population', 'was', 'listed', 'as', 'endangered', 'local', 'stakeholders', 'got', 'angsty', 'about', 'how', 'the', 'listing', 'would', 'affect', 'the', 'area', 'according', 'to', 'gill', 'it', 'just', 'seemed', 'like', 'a', 'lot', 'of', 'anger', 'and', 'worry', 'and', 'there', 'wasn', 't', 'a', 'love', 'for', 'belugas', 'like', 'there', 'is', 'now', 'she', 'recalled', 'fourteen', 'years', 'later', 'many', 'of', 'these', 'same', 'groups', 'partner', 'with', 'noaa', 'fisheries', 'in', 'beluga', 'recovery', 'efforts']","['the', 'seward', 'highway', 'turnoff', 'called', 'windy', 'corner', 'was', 'the', 'last', 'of', 'five', 'monitoring', 'locations', 'that', 'gill', 'visited', 'during', 'this', 'year', 's', 'beluga', 'count', 'passing', 'drivers', 'honked', 'and', 'waved', 'as', 'gill', 'wrapped', 'up', 'a', 'long', 'string', 'of', 'photo', 'ops', 'with', 'kids', 'social', 'media', 'appearances', 'including', 'a', 'livestream', 'from', 'inside', 'the', 'betty', 'beluga', 'suit', 'and', 'mimicking', 'the', 'caws', 'squeaks', 'and', 'whistles', 'belugas', 'use', 'to', 'communicate', 'for', 'a', 'local', 'tv', 'news', 'story', 'the', 'popularity', 'of', 'this', 'event', 'and', 'other', 'outreach', 'efforts', 'are', 'part', 'of', 'what', 'gives', 'gill', 'hope', 'that', 'cook', 'inlet', 's', 'belugas', 'will', 'recover', 'the', 'population', 'was', 'listed', 'as', 'endangered', 'local', 'stakeholders', 'got', 'angsty', 'about', 'how', 'the', 'listing', 'would', 'affect', 'the', 'area', 'according', 'to', 'gill', 'it', 'just', 'seemed', 'like', 'a', 'lot', 'of', 'anger', 'and', 'worry', 'and', 'there', 'wasn', 't', 'a', 'love', 'for', 'belugas', 'like', 'there', 'is', 'now', 'she', 'recalled', 'fourteen', 'years', 'later', 'many', 'of', 'these', 'same', 'groups', 'partner', 'with', 'noaa', 'fisheries', 'in', 'beluga', 'recovery', 'efforts']",the seward highway turnoff called windy corner was the last five monitoring locations that gill visited during this year beluga count passing drivers honked and waved gill wrapped long string photo ops with kids social media appearances including livestream from inside the betty beluga suit and mimicking the caws squeaks and whistles belugas use communicate for local news story the popularity this event and other outreach efforts are part what gives gill hope that cook inlet belugas will recover the population was listed endangered local stakeholders got angsty about how the listing would affect the area according gill just seemed like lot anger and worry and there wasn love for belugas like there now she recalled fourteen years later many these same groups partner with noaa fisheries beluga recovery efforts,the seward highway turnoff called windy corner was the last five monitoring locations that gill visited during this year beluga count passing drivers honked and waved gill wrapped long string photo ops with kids social media appearances including livestream from inside the betty beluga suit and mimicking the caws squeaks and whistles belugas use communicate for local news story the popularity this event and other outreach efforts are part what gives gill hope that cook inlet belugas will recover the population was listed endangered local stakeholders got angsty about how the listing would affect the area according gill just seemed like lot anger and worry and there wasn love for belugas like there now she recalled fourteen years later many these same groups partner with noaa fisheries beluga recovery efforts
18,18,"but so far, love hasn’t been enough to save the belugas. worse still, scientists have been unable to pinpoint a particular threat that’s causing them to keep declining, which gill said makes her “a little despondent.”","['but', 'so', 'far', 'love', 'hasn', 't', 'been', 'enough', 'to', 'save', 'the', 'belugas', 'worse', 'still', 'scientists', 'have', 'been', 'unable', 'to', 'pinpoint', 'a', 'particular', 'threat', 'that', 's', 'causing', 'them', 'to', 'keep', 'declining', 'which', 'gill', 'said', 'makes', 'her', 'a', 'little', 'despondent']","['so', 'far', 'love', 'hasn', 't', 'been', 'enough', 'to', 'save', 'the', 'belugas', 'worse', 'still', 'scientists', 'have', 'been', 'unable', 'to', 'pinpoint', 'a', 'particular', 'threat', 'that', 's', 'causing', 'them', 'to', 'keep', 'declining', 'which', 'gill', 'said', 'makes', 'her', 'a', 'little', 'despondent']",far love hasn been enough save the belugas worse still scientists have been unable pinpoint particular threat that causing them keep declining which gill said makes her little despondent,far love hasn been enough save the belugas worse still scientists have been unable pinpoint particular threat that causing them keep declining which gill said makes her little despondent
19,19,"she wonders if cultural fragmentation is a missing piece in the puzzle. cook inlet’s extreme tides can easily trap belugas on mudflats if the whales don’t know exactly when and where the water level is going to drop. “maybe this knowledge is not getting passed on,” she said. there’s some evidence she may be right: jill seymour, the cook inlet beluga recovery coordinator for noaa fisheries, pointed out that belugas are now occupying a smaller portion of cook inlet than they once did. seymour thinks this could mean the whales have lost knowledge of how to use other portions, whereas gill thinks this may be the remaining whales’ attempt to stick together and rebuild a social group. ","['she', 'wonders', 'if', 'cultural', 'fragmentation', 'is', 'a', 'missing', 'piece', 'in', 'the', 'puzzle', 'cook', 'inlet', 's', 'extreme', 'tides', 'can', 'easily', 'trap', 'belugas', 'on', 'mudflats', 'if', 'the', 'whales', 'don', 't', 'know', 'exactly', 'when', 'and', 'where', 'the', 'water', 'level', 'is', 'going', 'to', 'drop', 'maybe', 'this', 'knowledge', 'is', 'not', 'getting', 'passed', 'on', 'she', 'said', 'there', 's', 'some', 'evidence', 'she', 'may', 'be', 'right', 'jill', 'seymour', 'the', 'cook', 'inlet', 'beluga', 'recovery', 'coordinator', 'for', 'noaa', 'fisheries', 'pointed', 'out', 'that', 'belugas', 'are', 'now', 'occupying', 'a', 'smaller', 'portion', 'of', 'cook', 'inlet', 'than', 'they', 'once', 'did', 'seymour', 'thinks', 'this', 'could', 'mean', 'the', 'whales', 'have', 'lost', 'knowledge', 'of', 'how', 'to', 'use', 'other', 'portions', 'whereas', 'gill', 'thinks', 'this', 'may', 'be', 'the', 'remaining', 'whales', 'attempt', 'to', 'stick', 'together', 'and', 'rebuild', 'a', 'social', 'group']","['she', 'wonders', 'if', 'cultural', 'fragmentation', 'is', 'a', 'missing', 'piece', 'in', 'the', 'puzzle', 'cook', 'inlet', 's', 'extreme', 'tides', 'can', 'easily', 'trap', 'belugas', 'on', 'mudflats', 'if', 'the', 'whales', 'don', 't', 'know', 'exactly', 'and', 'where', 'the', 'water', 'level', 'is', 'going', 'to', 'drop', 'maybe', 'this', 'knowledge', 'is', 'not', 'getting', 'passed', 'on', 'she', 'said', 'there', 's', 'some', 'evidence', 'she', 'may', 'be', 'right', 'jill', 'seymour', 'the', 'cook', 'inlet', 'beluga', 'recovery', 'coordinator', 'for', 'noaa', 'fisheries', 'pointed', 'out', 'that', 'belugas', 'are', 'now', 'occupying', 'a', 'smaller', 'portion', 'of', 'cook', 'inlet', 'than', 'they', 'once', 'did', 'seymour', 'thinks', 'this', 'could', 'mean', 'the', 'whales', 'have', 'lost', 'knowledge', 'of', 'how', 'to', 'use', 'other', 'portions', 'whereas', 'gill', 'thinks', 'this', 'may', 'be', 'the', 'remaining', 'whales', 'attempt', 'to', 'stick', 'together', 'and', 'rebuild', 'a', 'social', 'group']",she wonders cultural fragmentation missing piece the puzzle cook inlet extreme tides can easily trap belugas mudflats the whales don know exactly and where the water level going drop maybe this knowledge not getting passed she said there some evidence she may right jill seymour the cook inlet beluga recovery coordinator for noaa fisheries pointed out that belugas are now occupying smaller portion cook inlet than they once did seymour thinks this could mean the whales have lost knowledge how use other portions whereas gill thinks this may the remaining whales attempt stick together and rebuild social group,she wonders cultural fragmentation missing piece the puzzle cook inlet extreme tides can easily trap belugas mudflats the whales don know exactly and where the water level going drop maybe this knowledge not getting passed she said there some evidence she may right jill seymour the cook inlet beluga recovery coordinator for noaa fisheries pointed out that belugas are now occupying smaller portion cook inlet than they once did seymour thinks this could mean the whales have lost knowledge how use other portions whereas gill thinks this may the remaining whales attempt stick together and rebuild social group
20,20,"belugas are following a similar trend off the coast of svalbard, a norwegian archipelago, said conservation marine biologist kit kovacs. genetics show that svalbard belugas used to mix with those from the southern barents sea, which lies between svalbard and scandinavia. but these days, svalbard’s belugas stick close to the archipelago. one explanation is that when elders in the svalbard beluga community died, migration routes went with them. “when you lose those matriarchal animals and patriarchal animals, with knowledge of where to go and how to do business, you’re just stuck with whatever knowledge is left,” kovacs said.","['belugas', 'are', 'following', 'a', 'similar', 'trend', 'off', 'the', 'coast', 'of', 'svalbard', 'a', 'norwegian', 'archipelago', 'said', 'conservation', 'marine', 'biologist', 'kit', 'kovacs', 'genetics', 'show', 'that', 'svalbard', 'belugas', 'used', 'to', 'mix', 'with', 'those', 'from', 'the', 'southern', 'barents', 'sea', 'which', 'lies', 'between', 'svalbard', 'and', 'scandinavia', 'but', 'these', 'days', 'svalbard', 's', 'belugas', 'stick', 'close', 'to', 'the', 'archipelago', 'one', 'explanation', 'is', 'that', 'when', 'elders', 'in', 'the', 'svalbard', 'beluga', 'community', 'died', 'migration', 'routes', 'went', 'with', 'them', 'when', 'you', 'lose', 'those', 'matriarchal', 'animals', 'and', 'patriarchal', 'animals', 'with', 'knowledge', 'of', 'where', 'to', 'go', 'and', 'how', 'to', 'do', 'business', 'you', 're', 'just', 'stuck', 'with', 'whatever', 'knowledge', 'is', 'left', 'kovacs', 'said']","['belugas', 'are', 'following', 'a', 'similar', 'trend', 'off', 'the', 'coast', 'of', 'svalbard', 'a', 'norwegian', 'archipelago', 'said', 'conservation', 'marine', 'biologist', 'kit', 'kovacs', 'genetics', 'show', 'that', 'svalbard', 'belugas', 'used', 'to', 'mix', 'with', 'those', 'from', 'the', 'southern', 'barents', 'sea', 'which', 'lies', 'between', 'svalbard', 'and', 'scandinavia', 'these', 'days', 'svalbard', 's', 'belugas', 'stick', 'close', 'to', 'the', 'archipelago', 'one', 'explanation', 'is', 'that', 'elders', 'in', 'the', 'svalbard', 'beluga', 'community', 'died', 'migration', 'routes', 'went', 'with', 'them', 'you', 'lose', 'those', 'matriarchal', 'animals', 'and', 'patriarchal', 'animals', 'with', 'knowledge', 'of', 'where', 'to', 'go', 'and', 'how', 'to', 'do', 'business', 'you', 're', 'just', 'stuck', 'with', 'whatever', 'knowledge', 'is', 'left', 'kovacs', 'said']",belugas are following similar trend off the coast svalbard norwegian archipelago said conservation marine biologist kit kovacs genetics show that svalbard belugas used mix with those from the southern barents sea which lies between svalbard and scandinavia these days svalbard belugas stick close the archipelago one explanation that elders the svalbard beluga community died migration routes went with them you lose those matriarchal animals and patriarchal animals with knowledge where and how business you just stuck with whatever knowledge left kovacs said,belugas are following similar trend off the coast svalbard norwegian archipelago said conservation marine biologist kit kovacs genetics show that svalbard belugas used mix with those from the southern barents sea which lies between svalbard and scandinavia these days svalbard belugas stick close the archipelago one explanation that elders the svalbard beluga community died migration routes went with them you lose those matriarchal animals and patriarchal animals with knowledge where and how business you just stuck with whatever knowledge left kovacs said
21,21,"there are some signs that belugas are inventing new cultural practices, and perhaps this mindset will help them survive. when o’corry-crowe and his colleagues conduct wide genetic surveys, they sometimes come across whales outside their normal range “and go, wait now, who the heck are these guys?” it seems the whales are exploring. similarly, kovacs thinks svalbard’s belugas might be varying their diets as melting glaciers make their favorite arctic cod harder to catch.","['there', 'are', 'some', 'signs', 'that', 'belugas', 'are', 'inventing', 'new', 'cultural', 'practices', 'and', 'perhaps', 'this', 'mindset', 'will', 'help', 'them', 'survive', 'when', 'o', 'corry', 'crowe', 'and', 'his', 'colleagues', 'conduct', 'wide', 'genetic', 'surveys', 'they', 'sometimes', 'come', 'across', 'whales', 'outside', 'their', 'normal', 'range', 'and', 'go', 'wait', 'now', 'who', 'the', 'heck', 'are', 'these', 'guys', 'it', 'seems', 'the', 'whales', 'are', 'exploring', 'similarly', 'kovacs', 'thinks', 'svalbard', 's', 'belugas', 'might', 'be', 'varying', 'their', 'diets', 'as', 'melting', 'glaciers', 'make', 'their', 'favorite', 'arctic', 'cod', 'harder', 'to', 'catch']","['there', 'are', 'some', 'signs', 'that', 'belugas', 'are', 'inventing', 'new', 'cultural', 'practices', 'and', 'perhaps', 'this', 'mindset', 'will', 'help', 'them', 'survive', 'o', 'corry', 'crowe', 'and', 'his', 'colleagues', 'conduct', 'wide', 'genetic', 'surveys', 'they', 'sometimes', 'come', 'across', 'whales', 'outside', 'their', 'normal', 'range', 'and', 'go', 'wait', 'now', 'who', 'the', 'heck', 'are', 'these', 'guys', 'it', 'seems', 'the', 'whales', 'are', 'exploring', 'similarly', 'kovacs', 'thinks', 'svalbard', 's', 'belugas', 'might', 'be', 'varying', 'their', 'diets', 'as', 'melting', 'glaciers', 'make', 'their', 'favorite', 'arctic', 'cod', 'harder', 'to', 'catch']",there are some signs that belugas are inventing new cultural practices and perhaps this mindset will help them survive corry crowe and his colleagues conduct wide genetic surveys they sometimes come across whales outside their normal range and wait now who the heck are these guys seems the whales are exploring similarly kovacs thinks svalbard belugas might varying their diets melting glaciers make their favorite arctic cod harder catch,there are some signs that belugas are inventing new cultural practices and perhaps this mindset will help them survive corry crowe and his colleagues conduct wide genetic surveys they sometimes come across whales outside their normal range and wait now who the heck are these guys seems the whales are exploring similarly kovacs thinks svalbard belugas might varying their diets melting glaciers make their favorite arctic cod harder catch
22,22,"in anchorage, the beluga count volunteers were packing up at windy corner when a pod of about a half dozen belugas emerged offshore from the eastern edge of the turnoff. as they surfaced for air and then descended again, they appeared to roll through the water like oversized porcelain bowling balls. “they’re not feeding, they’re just traveling,” gill said. a few minutes later, they were gone.","['in', 'anchorage', 'the', 'beluga', 'count', 'volunteers', 'were', 'packing', 'up', 'at', 'windy', 'corner', 'when', 'a', 'pod', 'of', 'about', 'a', 'half', 'dozen', 'belugas', 'emerged', 'offshore', 'from', 'the', 'eastern', 'edge', 'of', 'the', 'turnoff', 'as', 'they', 'surfaced', 'for', 'air', 'and', 'then', 'descended', 'again', 'they', 'appeared', 'to', 'roll', 'through', 'the', 'water', 'like', 'oversized', 'porcelain', 'bowling', 'balls', 'they', 're', 'not', 'feeding', 'they', 're', 'just', 'traveling', 'gill', 'said', 'a', 'few', 'minutes', 'later', 'they', 'were', 'gone']","['in', 'anchorage', 'the', 'beluga', 'count', 'volunteers', 'were', 'packing', 'up', 'at', 'windy', 'corner', 'a', 'pod', 'of', 'about', 'a', 'half', 'dozen', 'belugas', 'emerged', 'offshore', 'from', 'the', 'eastern', 'edge', 'of', 'the', 'turnoff', 'as', 'they', 'surfaced', 'for', 'air', 'and', 'then', 'descended', 'again', 'they', 'appeared', 'to', 'roll', 'through', 'the', 'water', 'like', 'oversized', 'porcelain', 'bowling', 'balls', 'they', 're', 'not', 'feeding', 'they', 're', 'just', 'traveling', 'gill', 'said', 'a', 'few', 'minutes', 'later', 'they', 'were', 'gone']",anchorage the beluga count volunteers were packing windy corner pod about half dozen belugas emerged offshore from the eastern edge the turnoff they surfaced for air and then descended again they appeared roll through the water like oversized porcelain bowling balls they not feeding they just traveling gill said few minutes later they were gone,anchorage the beluga count volunteers were packing windy corner pod about half dozen belugas emerged offshore from the eastern edge the turnoff they surfaced for air and then descended again they appeared roll through the water like oversized porcelain bowling balls they not feeding they just traveling gill said few minutes later they were gone
23,23,"the continued decline of cook inlet’s belugas angers some indigenous people, who feel that others in the area have not reciprocated the sacrifice they made when they gave up hunting. according to justin trenton, the environmental coordinator for the native village of tyonek and a member of the tebughna tribe, elders in his community “believe that we’re the only ones that have actually stopped completely affecting them.” after almost 20 years without hunting belugas, everyone who remembers how is starting to age. trenton worries that the knowledge will be lost.","['the', 'continued', 'decline', 'of', 'cook', 'inlet', 's', 'belugas', 'angers', 'some', 'indigenous', 'people', 'who', 'feel', 'that', 'others', 'in', 'the', 'area', 'have', 'not', 'reciprocated', 'the', 'sacrifice', 'they', 'made', 'when', 'they', 'gave', 'up', 'hunting', 'according', 'to', 'justin', 'trenton', 'the', 'environmental', 'coordinator', 'for', 'the', 'native', 'village', 'of', 'tyonek', 'and', 'a', 'member', 'of', 'the', 'tebughna', 'tribe', 'elders', 'in', 'his', 'community', 'believe', 'that', 'we', 're', 'the', 'only', 'ones', 'that', 'have', 'actually', 'stopped', 'completely', 'affecting', 'them', 'after', 'almost', '20', 'years', 'without', 'hunting', 'belugas', 'everyone', 'who', 'remembers', 'how', 'is', 'starting', 'to', 'age', 'trenton', 'worries', 'that', 'the', 'knowledge', 'will', 'be', 'lost']","['the', 'continued', 'decline', 'of', 'cook', 'inlet', 's', 'belugas', 'angers', 'some', 'indigenous', 'people', 'who', 'feel', 'that', 'others', 'in', 'the', 'area', 'have', 'not', 'reciprocated', 'the', 'sacrifice', 'they', 'made', 'they', 'gave', 'up', 'hunting', 'according', 'to', 'justin', 'trenton', 'the', 'environmental', 'coordinator', 'for', 'the', 'native', 'village', 'of', 'tyonek', 'and', 'a', 'member', 'of', 'the', 'tebughna', 'tribe', 'elders', 'in', 'his', 'community', 'believe', 'that', 'we', 're', 'the', 'only', 'ones', 'that', 'have', 'actually', 'stopped', 'completely', 'affecting', 'them', 'after', 'almost', '20', 'years', 'without', 'hunting', 'belugas', 'everyone', 'who', 'remembers', 'how', 'is', 'starting', 'to', 'age', 'trenton', 'worries', 'that', 'the', 'knowledge', 'will', 'be', 'lost']",the continued decline cook inlet belugas angers some indigenous people who feel that others the area have not reciprocated the sacrifice they made they gave hunting according justin trenton the environmental coordinator for the native village tyonek and member the tebughna tribe elders his community believe that the only ones that have actually stopped completely affecting them after almost years without hunting belugas everyone who remembers how starting age trenton worries that the knowledge will lost,the continued decline cook inlet belugas angers some indigenous people who feel that others the area have not reciprocated the sacrifice they made they gave hunting according justin trenton the environmental coordinator for the native village tyonek and member the tebughna tribe elders his community believe that the only ones that have actually stopped completely affecting them after almost years without hunting belugas everyone who remembers how starting age trenton worries that the knowledge will lost
24,24,"up the coast from anchorage, kotzebue’s hunters, like roswell schaeffer sr., now face a similar dilemma: should they also stop hunting belugas? a recent genetic study authored by o’corry-crowe and his colleagues shows that a genetically distinct population of belugas lived in kotzebue sound before their numbers declined. the authors wrote that the remnants of this group deserve legal protections. roderick hobbs, a noaa fisheries marine biologist who worked with cook inlet belugas before he retired, said he agrees.","['up', 'the', 'coast', 'from', 'anchorage', 'kotzebue', 's', 'hunters', 'like', 'roswell', 'schaeffer', 'sr', 'now', 'face', 'a', 'similar', 'dilemma', 'should', 'they', 'also', 'stop', 'hunting', 'belugas', 'a', 'recent', 'genetic', 'study', 'authored', 'by', 'o', 'corry', 'crowe', 'and', 'his', 'colleagues', 'shows', 'that', 'a', 'genetically', 'distinct', 'population', 'of', 'belugas', 'lived', 'in', 'kotzebue', 'sound', 'before', 'their', 'numbers', 'declined', 'the', 'authors', 'wrote', 'that', 'the', 'remnants', 'of', 'this', 'group', 'deserve', 'legal', 'protections', 'roderick', 'hobbs', 'a', 'noaa', 'fisheries', 'marine', 'biologist', 'who', 'worked', 'with', 'cook', 'inlet', 'belugas', 'before', 'he', 'retired', 'said', 'he', 'agrees']","['up', 'the', 'coast', 'from', 'anchorage', 'kotzebue', 's', 'hunters', 'like', 'roswell', 'schaeffer', 'sr', 'now', 'face', 'a', 'similar', 'dilemma', 'should', 'they', 'also', 'stop', 'hunting', 'belugas', 'a', 'recent', 'genetic', 'study', 'authored', 'by', 'o', 'corry', 'crowe', 'and', 'his', 'colleagues', 'shows', 'that', 'a', 'genetically', 'distinct', 'population', 'of', 'belugas', 'lived', 'in', 'kotzebue', 'sound', 'before', 'their', 'numbers', 'declined', 'the', 'authors', 'wrote', 'that', 'the', 'remnants', 'of', 'this', 'group', 'deserve', 'legal', 'protections', 'roderick', 'hobbs', 'a', 'noaa', 'fisheries', 'marine', 'biologist', 'who', 'worked', 'with', 'cook', 'inlet', 'belugas', 'before', 'he', 'retired', 'said', 'he', 'agrees']",the coast from anchorage kotzebue hunters like roswell schaeffer now face similar dilemma should they also stop hunting belugas recent genetic study authored corry crowe and his colleagues shows that genetically distinct population belugas lived kotzebue sound before their numbers declined the authors wrote that the remnants this group deserve legal protections roderick hobbs noaa fisheries marine biologist who worked with cook inlet belugas before retired said agrees,the coast from anchorage kotzebue hunters like roswell schaeffer now face similar dilemma should they also stop hunting belugas recent genetic study authored corry crowe and his colleagues shows that genetically distinct population belugas lived kotzebue sound before their numbers declined the authors wrote that the remnants this group deserve legal protections roderick hobbs noaa fisheries marine biologist who worked with cook inlet belugas before retired said agrees
25,25,"in 2016, indigenous members of the alaska beluga whale committee—a group of tribal delegates, scientists, government officials, and others—drafted a plan aimed at encouraging belugas to return to kotzebue. the plan calls for limiting hunting during the early part of the summer, for example, when remnants of the original kotzebue stock are most likely to visit nearby waters. it permits more leniency during the late summer, when belugas from the healthy beaufort sea stock are known to migrate past. “i think it was an outstanding approach,” said kathryn frost, a founding non-indigenous member of the committee and an author on the recent genetic study. but right now the plan is voluntary, she added, and “how you get people to follow the plan is a completely different issue.”","['in', '2016', 'indigenous', 'members', 'of', 'the', 'alaska', 'beluga', 'whale', 'committee', 'a', 'group', 'of', 'tribal', 'delegates', 'scientists', 'government', 'officials', 'and', 'others', 'drafted', 'a', 'plan', 'aimed', 'at', 'encouraging', 'belugas', 'to', 'return', 'to', 'kotzebue', 'the', 'plan', 'calls', 'for', 'limiting', 'hunting', 'during', 'the', 'early', 'part', 'of', 'the', 'summer', 'for', 'example', 'when', 'remnants', 'of', 'the', 'original', 'kotzebue', 'stock', 'are', 'most', 'likely', 'to', 'visit', 'nearby', 'waters', 'it', 'permits', 'more', 'leniency', 'during', 'the', 'late', 'summer', 'when', 'belugas', 'from', 'the', 'healthy', 'beaufort', 'sea', 'stock', 'are', 'known', 'to', 'migrate', 'past', 'i', 'think', 'it', 'was', 'an', 'outstanding', 'approach', 'said', 'kathryn', 'frost', 'a', 'founding', 'non', 'indigenous', 'member', 'of', 'the', 'committee', 'and', 'an', 'author', 'on', 'the', 'recent', 'genetic', 'study', 'but', 'right', 'now', 'the', 'plan', 'is', 'voluntary', 'she', 'added', 'and', 'how', 'you', 'get', 'people', 'to', 'follow', 'the', 'plan', 'is', 'a', 'completely', 'different', 'issue']","['in', '2016', 'indigenous', 'members', 'of', 'the', 'alaska', 'beluga', 'whale', 'committee', 'a', 'group', 'of', 'tribal', 'delegates', 'scientists', 'government', 'officials', 'and', 'others', 'drafted', 'a', 'plan', 'aimed', 'at', 'encouraging', 'belugas', 'to', 'return', 'to', 'kotzebue', 'the', 'plan', 'calls', 'for', 'limiting', 'hunting', 'during', 'the', 'early', 'part', 'of', 'the', 'summer', 'for', 'example', 'remnants', 'of', 'the', 'original', 'kotzebue', 'stock', 'are', 'most', 'likely', 'to', 'visit', 'nearby', 'waters', 'it', 'permits', 'more', 'leniency', 'during', 'the', 'late', 'summer', 'belugas', 'from', 'the', 'healthy', 'beaufort', 'sea', 'stock', 'are', 'known', 'to', 'migrate', 'past', 'i', 'think', 'it', 'was', 'an', 'outstanding', 'approach', 'said', 'kathryn', 'frost', 'a', 'founding', 'non', 'indigenous', 'member', 'of', 'the', 'committee', 'and', 'an', 'author', 'on', 'the', 'recent', 'genetic', 'study', 'right', 'now', 'the', 'plan', 'is', 'voluntary', 'she', 'added', 'and', 'how', 'you', 'get', 'people', 'to', 'follow', 'the', 'plan', 'is', 'a', 'completely', 'different', 'issue']",2016 indigenous members the alaska beluga whale committee group tribal delegates scientists government officials and others drafted plan aimed encouraging belugas return kotzebue the plan calls for limiting hunting during the early part the summer for example remnants the original kotzebue stock are most likely visit nearby waters permits more leniency during the late summer belugas from the healthy beaufort sea stock are known migrate past think was outstanding approach said kathryn frost founding non indigenous member the committee and author the recent genetic study right now the plan voluntary she added and how you get people follow the plan completely different issue,2016 indigenous members the alaska beluga whale committee group tribal delegates scientists government officials and others drafted plan aimed encouraging belugas return kotzebue the plan calls for limiting hunting during the early part the summer for example remnants the original kotzebue stock are most likely visit nearby waters permits more leniency during the late summer belugas from the healthy beaufort sea stock are known migrate past think was outstanding approach said kathryn frost founding non indigenous member the committee and author the recent genetic study right now the plan voluntary she added and how you get people follow the plan completely different issue
26,26,"percy ballot sr., a subsistence hunter from buckland, alaska, and one of the plan’s architects, said he and many hunters in his area are abiding by the guidelines, even though they limit hunting opportunities that were few to begin with. beluga hunts from years past—with their collaborative spirit and the joyous feasts that followed—are some of ballot’s most cherished memories, but, nevertheless, he’s stopped hunting belugas. “you gotta walk the talk, i guess is probably the best way to put it.”","['percy', 'ballot', 'sr', 'a', 'subsistence', 'hunter', 'from', 'buckland', 'alaska', 'and', 'one', 'of', 'the', 'plan', 's', 'architects', 'said', 'he', 'and', 'many', 'hunters', 'in', 'his', 'area', 'are', 'abiding', 'by', 'the', 'guidelines', 'even', 'though', 'they', 'limit', 'hunting', 'opportunities', 'that', 'were', 'few', 'to', 'begin', 'with', 'beluga', 'hunts', 'from', 'years', 'past', 'with', 'their', 'collaborative', 'spirit', 'and', 'the', 'joyous', 'feasts', 'that', 'followed', 'are', 'some', 'of', 'ballot', 's', 'most', 'cherished', 'memories', 'but', 'nevertheless', 'he', 's', 'stopped', 'hunting', 'belugas', 'you', 'gotta', 'walk', 'the', 'talk', 'i', 'guess', 'is', 'probably', 'the', 'best', 'way', 'to', 'put', 'it']","['percy', 'ballot', 'sr', 'a', 'subsistence', 'hunter', 'from', 'buckland', 'alaska', 'and', 'one', 'of', 'the', 'plan', 's', 'architects', 'said', 'he', 'and', 'many', 'hunters', 'in', 'his', 'area', 'are', 'abiding', 'by', 'the', 'guidelines', 'even', 'though', 'they', 'limit', 'hunting', 'opportunities', 'that', 'were', 'few', 'to', 'begin', 'with', 'beluga', 'hunts', 'from', 'years', 'past', 'with', 'their', 'collaborative', 'spirit', 'and', 'the', 'joyous', 'feasts', 'that', 'followed', 'are', 'some', 'of', 'ballot', 's', 'most', 'cherished', 'memories', 'nevertheless', 'he', 's', 'stopped', 'hunting', 'belugas', 'you', 'gotta', 'walk', 'the', 'talk', 'i', 'guess', 'is', 'probably', 'the', 'best', 'way', 'to', 'put', 'it']",percy ballot subsistence hunter from buckland alaska and one the plan architects said and many hunters his area are abiding the guidelines even though they limit hunting opportunities that were few begin with beluga hunts from years past with their collaborative spirit and the joyous feasts that followed are some ballot most cherished memories nevertheless stopped hunting belugas you gotta walk the talk guess probably the best way put,percy ballot subsistence hunter from buckland alaska and one the plan architects said and many hunters his area are abiding the guidelines even though they limit hunting opportunities that were few begin with beluga hunts from years past with their collaborative spirit and the joyous feasts that followed are some ballot most cherished memories nevertheless stopped hunting belugas you gotta walk the talk guess probably the best way put
27,27,"not everyone thinks giving up hunting is worth the slim chance that belugas will return. if kotzebue’s belugas were genetically isolated from neighboring populations—as cook inlet’s belugas are—then “it would be a clear-cut story,” said alex whiting, the environmental program director for the native village of kotzebue and an author on the recent genetic study. but genetic analysis suggests that the remnants of the original kotzebue belugas have hybridized with other stocks. because of their slow generation time, rebuilding kotzebue’s belugas could take decades if not longer, and the resulting population would likely differ from the original stock that scientists set out to save. “if you’re asking people to sacrifice a part of that cultural identity for some unknown benefit—some theorized benefit—i mean, it’s a pretty hard sell,” whiting said.","['not', 'everyone', 'thinks', 'giving', 'up', 'hunting', 'is', 'worth', 'the', 'slim', 'chance', 'that', 'belugas', 'will', 'return', 'if', 'kotzebue', 's', 'belugas', 'were', 'genetically', 'isolated', 'from', 'neighboring', 'populations', 'as', 'cook', 'inlet', 's', 'belugas', 'are', 'then', 'it', 'would', 'be', 'a', 'clear', 'cut', 'story', 'said', 'alex', 'whiting', 'the', 'environmental', 'program', 'director', 'for', 'the', 'native', 'village', 'of', 'kotzebue', 'and', 'an', 'author', 'on', 'the', 'recent', 'genetic', 'study', 'but', 'genetic', 'analysis', 'suggests', 'that', 'the', 'remnants', 'of', 'the', 'original', 'kotzebue', 'belugas', 'have', 'hybridized', 'with', 'other', 'stocks', 'because', 'of', 'their', 'slow', 'generation', 'time', 'rebuilding', 'kotzebue', 's', 'belugas', 'could', 'take', 'decades', 'if', 'not', 'longer', 'and', 'the', 'resulting', 'population', 'would', 'likely', 'differ', 'from', 'the', 'original', 'stock', 'that', 'scientists', 'set', 'out', 'to', 'save', 'if', 'you', 're', 'asking', 'people', 'to', 'sacrifice', 'a', 'part', 'of', 'that', 'cultural', 'identity', 'for', 'some', 'unknown', 'benefit', 'some', 'theorized', 'benefit', 'i', 'mean', 'it', 's', 'a', 'pretty', 'hard', 'sell', 'whiting', 'said']","['not', 'everyone', 'thinks', 'giving', 'up', 'hunting', 'is', 'worth', 'the', 'slim', 'chance', 'that', 'belugas', 'will', 'return', 'if', 'kotzebue', 's', 'belugas', 'were', 'genetically', 'isolated', 'from', 'neighboring', 'populations', 'as', 'cook', 'inlet', 's', 'belugas', 'are', 'then', 'it', 'would', 'be', 'a', 'clear', 'cut', 'story', 'said', 'alex', 'whiting', 'the', 'environmental', 'program', 'director', 'for', 'the', 'native', 'village', 'of', 'kotzebue', 'and', 'an', 'author', 'on', 'the', 'recent', 'genetic', 'study', 'genetic', 'analysis', 'suggests', 'that', 'the', 'remnants', 'of', 'the', 'original', 'kotzebue', 'belugas', 'have', 'hybridized', 'with', 'other', 'stocks', 'because', 'of', 'their', 'slow', 'generation', 'time', 'rebuilding', 'kotzebue', 's', 'belugas', 'could', 'take', 'decades', 'if', 'not', 'longer', 'and', 'the', 'resulting', 'population', 'would', 'likely', 'differ', 'from', 'the', 'original', 'stock', 'that', 'scientists', 'set', 'out', 'to', 'save', 'if', 'you', 're', 'asking', 'people', 'to', 'sacrifice', 'a', 'part', 'of', 'that', 'cultural', 'identity', 'for', 'some', 'unknown', 'benefit', 'some', 'theorized', 'benefit', 'i', 'mean', 'it', 's', 'a', 'pretty', 'hard', 'sell', 'whiting', 'said']",not everyone thinks giving hunting worth the slim chance that belugas will return kotzebue belugas were genetically isolated from neighboring populations cook inlet belugas are then would clear cut story said alex whiting the environmental program director for the native village kotzebue and author the recent genetic study genetic analysis suggests that the remnants the original kotzebue belugas have hybridized with other stocks because their slow generation time rebuilding kotzebue belugas could take decades not longer and the resulting population would likely differ from the original stock that scientists set out save you asking people sacrifice part that cultural identity for some unknown benefit some theorized benefit mean pretty hard sell whiting said,not everyone thinks giving hunting worth the slim chance that belugas will return kotzebue belugas were genetically isolated from neighboring populations cook inlet belugas are then would clear cut story said alex whiting the environmental program director for the native village kotzebue and author the recent genetic study genetic analysis suggests that the remnants the original kotzebue belugas have hybridized with other stocks because their slow generation time rebuilding kotzebue belugas could take decades not longer and the resulting population would likely differ from the original stock that scientists set out save you asking people sacrifice part that cultural identity for some unknown benefit some theorized benefit mean pretty hard sell whiting said
28,28,"in schaeffer’s eyes, changes in the natural world are making the decision for his tribe. as opportunities to hunt belugas become scarce, young people are losing interest, and so their infrequent attempts are clumsy at best. “they get out in a boat, make a lot of noise, and that’s about it,” he said. it’s a change that he said, “bothers the hell out of me. because the knowledge is being lost—and rapidly.”","['in', 'schaeffer', 's', 'eyes', 'changes', 'in', 'the', 'natural', 'world', 'are', 'making', 'the', 'decision', 'for', 'his', 'tribe', 'as', 'opportunities', 'to', 'hunt', 'belugas', 'become', 'scarce', 'young', 'people', 'are', 'losing', 'interest', 'and', 'so', 'their', 'infrequent', 'attempts', 'are', 'clumsy', 'at', 'best', 'they', 'get', 'out', 'in', 'a', 'boat', 'make', 'a', 'lot', 'of', 'noise', 'and', 'that', 's', 'about', 'it', 'he', 'said', 'it', 's', 'a', 'change', 'that', 'he', 'said', 'bothers', 'the', 'hell', 'out', 'of', 'me', 'because', 'the', 'knowledge', 'is', 'being', 'lost', 'and', 'rapidly']","['in', 'schaeffer', 's', 'eyes', 'changes', 'in', 'the', 'natural', 'world', 'are', 'making', 'the', 'decision', 'for', 'his', 'tribe', 'as', 'opportunities', 'to', 'hunt', 'belugas', 'become', 'scarce', 'young', 'people', 'are', 'losing', 'interest', 'and', 'so', 'their', 'infrequent', 'attempts', 'are', 'clumsy', 'at', 'best', 'they', 'get', 'out', 'in', 'a', 'boat', 'make', 'a', 'lot', 'of', 'noise', 'and', 'that', 's', 'about', 'it', 'he', 'said', 'it', 's', 'a', 'change', 'that', 'he', 'said', 'bothers', 'the', 'hell', 'out', 'of', 'me', 'because', 'the', 'knowledge', 'is', 'being', 'lost', 'and', 'rapidly']",schaeffer eyes changes the natural world are making the decision for his tribe opportunities hunt belugas become scarce young people are losing interest and their infrequent attempts are clumsy best they get out boat make lot noise and that about said change that said bothers the hell out because the knowledge being lost and rapidly,schaeffer eyes changes the natural world are making the decision for his tribe opportunities hunt belugas become scarce young people are losing interest and their infrequent attempts are clumsy best they get out boat make lot noise and that about said change that said bothers the hell out because the knowledge being lost and rapidly
